{"v":"5.9.0","fr":30,"ip":0,"op":64,"w":1200,"h":1200,"nm":"3D Sphere_Roatation Version 1","ddd":0,"assets":[],"layers":[{"ddd":0,"ind":1,"ty":4,"nm":"C1","sr":1,"ks":{"o":{"a":0,"k":100,"ix":11},"r":{"a":0,"k":0,"ix":10},"p":{"a":0,"k":[486.271,303.187,0],"ix":2,"l":2},"a":{"a":0,"k":[397.839,168.984,0],"ix":1,"l":2},"s":{"a":1,"k":[{"i":{"x":[0.241,0.241,0.667],"y":[8.855,8.855,1]},"o":{"x":[0.483,0.483,0.333],"y":[0,0,0]},"t":0,"s":[75,75,100]},{"i":{"x":[0.667,0.667,0.667],"y":[1,1,1]},"o":{"x":[0.167,0.167,0.167],"y":[0,0,0]},"t":17,"s":[80,80,100]},{"i":{"x":[0.241,0.241,0.667],"y":[-5.468,-5.468,1]},"o":{"x":[0.483,0.483,0.333],"y":[0,0,0]},"t":33,"s":[80,80,100]},{"t":47,"s":[75,75,100]}],"ix":6,"l":2}},"ao":0,"shapes":[{"ty":"gr","it":[{"ind":0,"ty":"sh","ix":1,"ks":{"a":0,"k":{"i":[[-9.411,4.133],[15.217,-8.346],[9.594,1.437],[-15.217,8.346],[-9.593,-1.437],[9.279,-5.089]],"o":[[9.593,1.437],[-15.217,8.345],[-9.593,-1.437],[15.217,-8.345],[-9.411,4.133],[9.279,-5.089]],"v":[[27.553,-15.111],[17.37,2.602],[-27.553,15.11],[-17.37,-2.602],[27.553,-15.111],[-0.492,-1.283]],"c":true},"ix":2},"nm":"Path 1","mn":"ADBE Vector Shape - Group","hd":false},{"ty":"fl","c":{"a":0,"k":[0,0,0,1],"ix":4},"o":{"a":0,"k":100,"ix":5},"r":1,"bm":0,"nm":"Fill 1","mn":"ADBE Vector Graphic - Fill","hd":false},{"ty":"tr","p":{"a":0,"k":[397.839,168.984],"ix":2},"a":{"a":0,"k":[0,0],"ix":1},"s":{"a":0,"k":[100,100],"ix":3},"r":{"a":0,"k":0,"ix":6},"o":{"a":0,"k":100,"ix":7},"sk":{"a":0,"k":0,"ix":4},"sa":{"a":0,"k":0,"ix":5},"nm":"Transform"}],"nm":"Group 1","np":2,"cix":2,"bm":0,"ix":1,"mn":"ADBE Vector Group","hd":false}],"ip":0,"op":300,"st":0,"bm":0},{"ddd":0,"ind":2,"ty":4,"nm":"C2","sr":1,"ks":{"o":{"a":0,"k":100,"ix":11},"r":{"a":0,"k":0,"ix":10},"p":{"a":0,"k":[486.4,303.2,0],"ix":2,"l":2},"a":{"a":0,"k":[398,169,0],"ix":1,"l":2},"s":{"a":1,"k":[{"i":{"x":[0.241,0.241,0.667],"y":[8.855,8.855,1]},"o":{"x":[0.483,0.483,0.333],"y":[0,0,0]},"t":3,"s":[75,75,100]},{"i":{"x":[0.833,0.833,0.833],"y":[1,1,1]},"o":{"x":[0.167,0.167,0.167],"y":[0,0,0]},"t":20,"s":[80,80,100]},{"i":{"x":[0.241,0.241,0.667],"y":[-5.468,-5.468,1]},"o":{"x":[0.483,0.483,0.333],"y":[0,0,0]},"t":36,"s":[80,80,100]},{"t":50,"s":[75,75,100]}],"ix":6,"l":2}},"ao":0,"shapes":[{"ty":"gr","it":[{"ind":0,"ty":"sh","ix":1,"ks":{"a":0,"k":{"i":[[-14.164,1.35],[65.651,-36.004],[41.388,6.2],[-48.818,31.272],[-11.671,6.504],[-6.391,3.09],[-5.825,2.488],[-5.624,2.12],[-5.719,1.873],[-6.102,1.701],[-6.852,1.548],[-8.18,1.355],[-4.618,0.594],[-10.228,-1.532],[14.183,-3.335],[45.004,-24.681],[-28.371,-4.25],[-45.003,24.682],[28.372,4.25]],"o":[[41.388,6.2],[-65.65,36.005],[-36.703,-5.499],[15.683,-10.007],[12.674,-6.739],[11.593,-5.438],[11.154,-4.619],[10.625,-3.87],[11.917,-3.757],[12.976,-3.442],[14.867,-3.137],[4.606,-0.681],[14.768,-1.897],[-14.164,1.35],[-28.372,-4.25],[-45.004,24.682],[28.372,4.25],[45.004,-24.681],[14.183,-3.335]],"v":[[116.529,-67.526],[72.596,8.892],[-121.214,62.858],[-97.784,-1.443],[-68.789,-19.001],[-49.725,-28.83],[-32.307,-36.756],[-15.529,-43.495],[1.451,-49.47],[19.47,-54.928],[39.546,-59.984],[63.173,-64.598],[78.531,-66.839],[116.529,-67.526],[73.972,-60.514],[-58.885,-23.521],[-89.001,28.865],[43.857,-8.129],[73.972,-60.514]],"c":true},"ix":2},"nm":"Path 1","mn":"ADBE Vector Shape - Group","hd":false},{"ty":"fl","c":{"a":0,"k":[0,0,0,1],"ix":4},"o":{"a":0,"k":100,"ix":5},"r":1,"bm":0,"nm":"Fill 1","mn":"ADBE Vector Graphic - Fill","hd":false},{"ty":"tr","p":{"a":0,"k":[409.26,194.997],"ix":2},"a":{"a":0,"k":[0,0],"ix":1},"s":{"a":0,"k":[100,100],"ix":3},"r":{"a":0,"k":0,"ix":6},"o":{"a":0,"k":100,"ix":7},"sk":{"a":0,"k":0,"ix":4},"sa":{"a":0,"k":0,"ix":5},"nm":"Transform"}],"nm":"Group 1","np":2,"cix":2,"bm":0,"ix":1,"mn":"ADBE Vector Group","hd":false}],"ip":0,"op":298,"st":-2,"bm":0},{"ddd":0,"ind":3,"ty":4,"nm":"C3","sr":1,"ks":{"o":{"a":0,"k":100,"ix":11},"r":{"a":0,"k":0,"ix":10},"p":{"a":0,"k":[486.4,303.2,0],"ix":2,"l":2},"a":{"a":0,"k":[398,169,0],"ix":1,"l":2},"s":{"a":1,"k":[{"i":{"x":[0.241,0.241,0.667],"y":[8.855,8.855,1]},"o":{"x":[0.483,0.483,0.333],"y":[0,0,0]},"t":6,"s":[75,75,100]},{"i":{"x":[0.833,0.833,0.833],"y":[1,1,1]},"o":{"x":[0.167,0.167,0.167],"y":[0,0,0]},"t":23,"s":[80,80,100]},{"i":{"x":[0.241,0.241,0.667],"y":[-5.468,-5.468,1]},"o":{"x":[0.483,0.483,0.333],"y":[0,0,0]},"t":39,"s":[80,80,100]},{"t":53,"s":[75,75,100]}],"ix":6,"l":2}},"ao":0,"shapes":[{"ty":"gr","it":[{"ind":0,"ty":"sh","ix":1,"ks":{"a":0,"k":{"i":[[-5.851,-0.877],[-8.985,-2.002],[106.055,-58.163],[69.137,10.357],[-18.547,26.192],[0,0],[-12.009,12.9],[-36.539,-5.474],[-91.979,50.444],[57.987,8.687]],"o":[[9.053,1.671],[60.388,12.952],[-109.667,60.144],[-37.528,-5.622],[0,0],[19.84,-25.558],[-26.111,27.45],[57.986,8.687],[91.98,-50.444],[5.908,0.54]],"v":[[163.971,-115.263],[194.129,-109.596],[114.241,16.885],[-209.512,107.031],[-235.97,55.807],[-231.985,50.25],[-199.757,11.302],[-186.757,65.286],[84.78,-10.323],[146.33,-117.388]],"c":true},"ix":2},"nm":"Path 1","mn":"ADBE Vector Shape - Group","hd":false},{"ty":"fl","c":{"a":0,"k":[0,0,0,1],"ix":4},"o":{"a":0,"k":100,"ix":5},"r":1,"bm":0,"nm":"Fill 1","mn":"ADBE Vector Graphic - Fill","hd":false},{"ty":"tr","p":{"a":0,"k":[437.107,244.735],"ix":2},"a":{"a":0,"k":[0,0],"ix":1},"s":{"a":0,"k":[100,100],"ix":3},"r":{"a":0,"k":0,"ix":6},"o":{"a":0,"k":100,"ix":7},"sk":{"a":0,"k":0,"ix":4},"sa":{"a":0,"k":0,"ix":5},"nm":"Transform"}],"nm":"Group 1","np":2,"cix":2,"bm":0,"ix":1,"mn":"ADBE Vector Group","hd":false},{"ty":"gr","it":[{"ind":0,"ty":"sh","ix":1,"ks":{"a":0,"k":{"i":[[-7.572,-1.12],[5.908,0.54],[2.674,0.217]],"o":[[-5.851,-0.877],[-2.453,-0.367],[7.602,0.887]],"v":[[12.668,1.501],[-4.973,-0.625],[-12.668,-1.501]],"c":true},"ix":2},"nm":"Path 1","mn":"ADBE Vector Shape - Group","hd":false},{"ty":"fl","c":{"a":0,"k":[0,0,0,1],"ix":4},"o":{"a":0,"k":100,"ix":5},"r":1,"bm":0,"nm":"Fill 1","mn":"ADBE Vector Graphic - Fill","hd":false},{"ty":"tr","p":{"a":0,"k":[588.41,127.971],"ix":2},"a":{"a":0,"k":[0,0],"ix":1},"s":{"a":0,"k":[100,100],"ix":3},"r":{"a":0,"k":0,"ix":6},"o":{"a":0,"k":100,"ix":7},"sk":{"a":0,"k":0,"ix":4},"sa":{"a":0,"k":0,"ix":5},"nm":"Transform"}],"nm":"Group 2","np":2,"cix":2,"bm":0,"ix":2,"mn":"ADBE Vector Group","hd":false}],"ip":0,"op":291,"st":-9,"bm":0},{"ddd":0,"ind":4,"ty":4,"nm":"C4","sr":1,"ks":{"o":{"a":0,"k":100,"ix":11},"r":{"a":0,"k":0,"ix":10},"p":{"a":0,"k":[486.4,303.2,0],"ix":2,"l":2},"a":{"a":0,"k":[398,169,0],"ix":1,"l":2},"s":{"a":1,"k":[{"i":{"x":[0.241,0.241,0.667],"y":[8.855,8.855,1]},"o":{"x":[0.483,0.483,0.333],"y":[0,0,0]},"t":9,"s":[75,75,100]},{"i":{"x":[0.833,0.833,0.833],"y":[1,1,1]},"o":{"x":[0.167,0.167,0.167],"y":[0,0,0]},"t":26,"s":[80,80,100]},{"i":{"x":[0.241,0.241,0.667],"y":[-5.468,-5.468,1]},"o":{"x":[0.483,0.483,0.333],"y":[0,0,0]},"t":42,"s":[80,80,100]},{"t":56,"s":[75,75,100]}],"ix":6,"l":2}},"ao":0,"shapes":[{"ty":"gr","it":[{"ind":0,"ty":"sh","ix":1,"ks":{"a":0,"k":{"i":[[-13.578,-7.596],[123.975,-67.991],[91.438,13.698],[-7.923,24.175],[-6.26,14.266],[-38.865,-5.823],[-131.284,72],[50.736,21.278]],"o":[[45.265,26.031],[-145.041,79.544],[-39.322,-5.891],[5.36,-14.627],[-11.862,25.098],[82.765,12.399],[117.165,-64.256],[14.103,6.57]],"v":[[282.541,-134.476],[154.076,24.648],[-274.107,143.872],[-319.882,96.469],[-300.766,48.188],[-261.821,97.284],[125.747,-10.633],[236.104,-157.57]],"c":true},"ix":2},"nm":"Path 1","mn":"ADBE Vector Shape - Group","hd":false},{"ty":"fl","c":{"a":0,"k":[0,0,0,1],"ix":4},"o":{"a":0,"k":100,"ix":5},"r":1,"bm":0,"nm":"Fill 1","mn":"ADBE Vector Graphic - Fill","hd":false},{"ty":"tr","p":{"a":0,"k":[465.344,315.253],"ix":2},"a":{"a":0,"k":[0,0],"ix":1},"s":{"a":0,"k":[100,100],"ix":3},"r":{"a":0,"k":0,"ix":6},"o":{"a":0,"k":100,"ix":7},"sk":{"a":0,"k":0,"ix":4},"sa":{"a":0,"k":0,"ix":5},"nm":"Transform"}],"nm":"Group 1","np":2,"cix":2,"bm":0,"ix":1,"mn":"ADBE Vector Group","hd":false}],"ip":0,"op":288,"st":-12,"bm":0},{"ddd":0,"ind":5,"ty":4,"nm":"C5","sr":1,"ks":{"o":{"a":0,"k":100,"ix":11},"r":{"a":0,"k":0,"ix":10},"p":{"a":0,"k":[486.4,303.2,0],"ix":2,"l":2},"a":{"a":0,"k":[398,169,0],"ix":1,"l":2},"s":{"a":1,"k":[{"i":{"x":[0.241,0.241,0.667],"y":[8.855,8.855,1]},"o":{"x":[0.483,0.483,0.333],"y":[0,0,0]},"t":12,"s":[75,75,100]},{"i":{"x":[0.833,0.833,0.833],"y":[1,1,1]},"o":{"x":[0.167,0.167,0.167],"y":[0,0,0]},"t":29,"s":[80,80,100]},{"i":{"x":[0.241,0.241,0.667],"y":[-5.468,-5.468,1]},"o":{"x":[0.483,0.483,0.333],"y":[0,0,0]},"t":45,"s":[80,80,100]},{"t":59,"s":[75,75,100]}],"ix":6,"l":2}},"ao":0,"shapes":[{"ty":"gr","it":[{"ind":0,"ty":"sh","ix":1,"ks":{"a":0,"k":{"i":[[0,0],[-9.707,-9.996],[133.39,-73.155],[106.954,16.023],[-0.488,21.292],[-1.613,13.851],[0,0],[-39.128,-5.862],[-160.717,88.142],[37.847,31.392]],"o":[[10.255,9.434],[32.458,34.496],[-169.655,93.043],[-38.414,-5.754],[0.831,-13.919],[0,0],[-3.329,22.619],[101.32,15.179],[130.59,-71.619],[0,0]],"v":[[309.241,-181.176],[342.863,-149.133],[181.997,28.811],[-318.848,168.268],[-374.833,126.129],[-371.249,79.786],[-370.574,74.984],[-317.939,119.555],[156.522,-12.557],[305.534,-184.292]],"c":true},"ix":2},"nm":"Path 1","mn":"ADBE Vector Shape - Group","hd":false},{"ty":"fl","c":{"a":0,"k":[0,0,0,1],"ix":4},"o":{"a":0,"k":100,"ix":5},"r":1,"bm":0,"nm":"Fill 1","mn":"ADBE Vector Graphic - Fill","hd":false},{"ty":"tr","p":{"a":0,"k":[499.997,405.229],"ix":2},"a":{"a":0,"k":[0,0],"ix":1},"s":{"a":0,"k":[100,100],"ix":3},"r":{"a":0,"k":0,"ix":6},"o":{"a":0,"k":100,"ix":7},"sk":{"a":0,"k":0,"ix":4},"sa":{"a":0,"k":0,"ix":5},"nm":"Transform"}],"nm":"Group 1","np":2,"cix":2,"bm":0,"ix":1,"mn":"ADBE Vector Group","hd":false}],"ip":0,"op":285,"st":-15,"bm":0},{"ddd":0,"ind":6,"ty":4,"nm":"C6","sr":1,"ks":{"o":{"a":0,"k":100,"ix":11},"r":{"a":0,"k":0,"ix":10},"p":{"a":0,"k":[486.4,303.2,0],"ix":2,"l":2},"a":{"a":0,"k":[398,169,0],"ix":1,"l":2},"s":{"a":1,"k":[{"i":{"x":[0.241,0.241,0.667],"y":[8.853,8.853,1]},"o":{"x":[0.483,0.483,0.333],"y":[0,0,0]},"t":13,"s":[75,75,100]},{"i":{"x":[0.833,0.833,0.833],"y":[1,1,1]},"o":{"x":[0.167,0.167,0.167],"y":[0,0,0]},"t":30,"s":[80,80,100]},{"i":{"x":[0.241,0.241,0.667],"y":[-5.467,-5.467,1]},"o":{"x":[0.483,0.483,0.333],"y":[0,0,0]},"t":46,"s":[80,80,100]},{"t":60,"s":[75,75,100]}],"ix":6,"l":2}},"ao":0,"shapes":[{"ty":"gr","it":[{"ind":0,"ty":"sh","ix":1,"ks":{"a":0,"k":{"i":[[0,0],[-4.418,-9.057],[132.298,-72.555],[114.305,17.124],[4.929,17.263],[1.982,9.881],[0,0],[-36.51,-5.47],[-178.103,97.676],[24.784,37.671]],"o":[[4.78,8.871],[19.1,39.155],[-181.313,99.437],[-34.488,-5.167],[-2.381,-9.793],[0,0],[2.888,19.095],[112.281,16.821],[134.094,-73.54],[0,0]],"v":[[366.006,-180.538],[381.932,-150.963],[204.048,30.67],[-331.215,179.71],[-389.769,145.071],[-397.696,112.426],[-401.032,93.495],[-342.638,131.566],[183.148,-14.836],[355.839,-196.835]],"c":true},"ix":2},"nm":"Path 1","mn":"ADBE Vector Shape - Group","hd":false},{"ty":"fl","c":{"a":0,"k":[0,0,0,1],"ix":4},"o":{"a":0,"k":100,"ix":5},"r":1,"bm":0,"nm":"Fill 1","mn":"ADBE Vector Graphic - Fill","hd":false},{"ty":"tr","p":{"a":0,"k":[530.805,508.528],"ix":2},"a":{"a":0,"k":[0,0],"ix":1},"s":{"a":0,"k":[100,100],"ix":3},"r":{"a":0,"k":0,"ix":6},"o":{"a":0,"k":100,"ix":7},"sk":{"a":0,"k":0,"ix":4},"sa":{"a":0,"k":0,"ix":5},"nm":"Transform"}],"nm":"Group 1","np":2,"cix":2,"bm":0,"ix":1,"mn":"ADBE Vector Group","hd":false}],"ip":0,"op":282,"st":-18,"bm":0},{"ddd":0,"ind":7,"ty":4,"nm":"C7","sr":1,"ks":{"o":{"a":0,"k":100,"ix":11},"r":{"a":0,"k":0,"ix":10},"p":{"a":0,"k":[486.4,303.2,0],"ix":2,"l":2},"a":{"a":0,"k":[398,169,0],"ix":1,"l":2},"s":{"a":1,"k":[{"i":{"x":[0.241,0.241,0.667],"y":[8.855,8.855,1]},"o":{"x":[0.483,0.483,0.333],"y":[0,0,0]},"t":14,"s":[75,75,100]},{"i":{"x":[0.833,0.833,0.833],"y":[1,1,1]},"o":{"x":[0.167,0.167,0.167],"y":[0,0,0]},"t":31,"s":[80,80,100]},{"i":{"x":[0.241,0.241,0.667],"y":[-5.468,-5.468,1]},"o":{"x":[0.483,0.483,0.333],"y":[0,0,0]},"t":47,"s":[80,80,100]},{"t":61,"s":[75,75,100]}],"ix":6,"l":2}},"ao":0,"shapes":[{"ty":"gr","it":[{"ind":0,"ty":"sh","ix":1,"ks":{"a":0,"k":{"i":[[-2.047,-11.18],[0,0],[0,0],[120.21,-65.927],[112.287,16.821],[8.127,12.379],[7.251,14.031],[-30.895,-4.628],[-181.316,99.438],[11.41,39.954]],"o":[[0,0],[0,0],[6.01,39.629],[-178.115,97.682],[-27.767,-4.16],[-8.128,-13.542],[7.079,14.503],[114.306,17.124],[126.608,-69.435],[2.686,11.044]],"v":[[385.974,-155.127],[386.024,-154.834],[388.474,-140.512],[210.888,28.757],[-314.932,175.168],[-368.462,149.822],[-394.483,104.056],[-337.933,133.467],[197.336,-15.575],[377.221,-191.989]],"c":true},"ix":2},"nm":"Path 1","mn":"ADBE Vector Shape - Group","hd":false},{"ty":"fl","c":{"a":0,"k":[0,0,0,1],"ix":4},"o":{"a":0,"k":100,"ix":5},"r":1,"bm":0,"nm":"Fill 1","mn":"ADBE Vector Graphic - Fill","hd":false},{"ty":"tr","p":{"a":0,"k":[561.749,617.968],"ix":2},"a":{"a":0,"k":[0,0],"ix":1},"s":{"a":0,"k":[100,100],"ix":3},"r":{"a":0,"k":0,"ix":6},"o":{"a":0,"k":100,"ix":7},"sk":{"a":0,"k":0,"ix":4},"sa":{"a":0,"k":0,"ix":5},"nm":"Transform"}],"nm":"Group 1","np":2,"cix":2,"bm":0,"ix":1,"mn":"ADBE Vector Group","hd":false}],"ip":0,"op":279,"st":-21,"bm":0},{"ddd":0,"ind":8,"ty":4,"nm":"C8","sr":1,"ks":{"o":{"a":0,"k":100,"ix":11},"r":{"a":0,"k":0,"ix":10},"p":{"a":0,"k":[486.4,303.2,0],"ix":2,"l":2},"a":{"a":0,"k":[398,169,0],"ix":1,"l":2},"s":{"a":1,"k":[{"i":{"x":[0.241,0.241,0.667],"y":[8.855,8.855,1]},"o":{"x":[0.483,0.483,0.333],"y":[0,0,0]},"t":15,"s":[75,75,100]},{"i":{"x":[0.833,0.833,0.833],"y":[1,1,1]},"o":{"x":[0.167,0.167,0.167],"y":[0,0,0]},"t":32,"s":[80,80,100]},{"i":{"x":[0.241,0.241,0.667],"y":[-5.468,-5.468,1]},"o":{"x":[0.483,0.483,0.333],"y":[0,0,0]},"t":48,"s":[80,80,100]},{"t":62,"s":[75,75,100]}],"ix":6,"l":2}},"ao":0,"shapes":[{"ty":"gr","it":[{"ind":0,"ty":"sh","ix":1,"ks":{"a":0,"k":{"i":[[2.014,-15.09],[0,0],[98.684,-54.121],[101.323,15.18],[8.734,7.224],[10.477,10.616],[0,0],[-22.907,-3.432],[-169.672,93.053],[-0.855,37.995]],"o":[[0,0],[-5.263,35.955],[-160.722,88.144],[-18.963,-2.84],[-11.097,-9.965],[0,0],[8.816,9.407],[106.966,16.024],[108.747,-59.64],[-0.906,15.197]],"v":[[354.742,-119.944],[354.651,-119.319],[194.459,23.225],[-280.015,155.339],[-321.439,140.031],[-357.701,106.021],[-358.911,104.735],[-311.518,124.326],[189.378,-15.146],[358.911,-170.519]],"c":true},"ix":2},"nm":"Path 1","mn":"ADBE Vector Shape - Group","hd":false},{"ty":"fl","c":{"a":0,"k":[0,0,0,1],"ix":4},"o":{"a":0,"k":100,"ix":5},"r":1,"bm":0,"nm":"Fill 1","mn":"ADBE Vector Graphic - Fill","hd":false},{"ty":"tr","p":{"a":0,"k":[595.935,718.63],"ix":2},"a":{"a":0,"k":[0,0],"ix":1},"s":{"a":0,"k":[100,100],"ix":3},"r":{"a":0,"k":0,"ix":6},"o":{"a":0,"k":100,"ix":7},"sk":{"a":0,"k":0,"ix":4},"sa":{"a":0,"k":0,"ix":5},"nm":"Transform"}],"nm":"Group 1","np":2,"cix":2,"bm":0,"ix":1,"mn":"ADBE Vector Group","hd":false}],"ip":0,"op":276,"st":-24,"bm":0},{"ddd":0,"ind":9,"ty":4,"nm":"C9","sr":1,"ks":{"o":{"a":0,"k":100,"ix":11},"r":{"a":0,"k":0,"ix":10},"p":{"a":0,"k":[486.4,303.2,0],"ix":2,"l":2},"a":{"a":0,"k":[398,169,0],"ix":1,"l":2},"s":{"a":1,"k":[{"i":{"x":[0.241,0.241,0.667],"y":[8.855,8.855,1]},"o":{"x":[0.483,0.483,0.333],"y":[0,0,0]},"t":15,"s":[75,75,100]},{"i":{"x":[0.833,0.833,0.833],"y":[1,1,1]},"o":{"x":[0.167,0.167,0.167],"y":[0,0,0]},"t":32,"s":[80,80,100]},{"i":{"x":[0.241,0.241,0.667],"y":[-5.468,-5.468,1]},"o":{"x":[0.483,0.483,0.333],"y":[0,0,0]},"t":48,"s":[80,80,100]},{"t":62,"s":[75,75,100]}],"ix":6,"l":2}},"ao":0,"shapes":[{"ty":"gr","it":[{"ind":0,"ty":"sh","ix":1,"ks":{"a":0,"k":{"i":[[6.481,-14.207],[69.599,-38.17],[82.78,12.401],[6.075,2.521],[9.717,5.046],[0,0],[-13.261,-1.987],[-145.063,79.556],[-10.459,32.05]],"o":[[-13.433,28.347],[-131.308,72.013],[-8.798,-1.318],[-9.93,-4.615],[0,0],[7.689,4.414],[91.452,13.7],[82.732,-45.372],[-5.371,14.663]],"v":[[282.088,-87.811],[155.295,15.87],[-232.346,123.807],[-254.638,118.016],[-287.621,102.388],[-301.25,94.854],[-269.875,104.542],[158.374,-14.701],[301.25,-136.208]],"c":true},"ix":2},"nm":"Path 1","mn":"ADBE Vector Shape - Group","hd":false},{"ty":"fl","c":{"a":0,"k":[0,0,0,1],"ix":4},"o":{"a":0,"k":100,"ix":5},"r":1,"bm":0,"nm":"Fill 1","mn":"ADBE Vector Graphic - Fill","hd":false},{"ty":"tr","p":{"a":0,"k":[633.328,803.907],"ix":2},"a":{"a":0,"k":[0,0],"ix":1},"s":{"a":0,"k":[100,100],"ix":3},"r":{"a":0,"k":0,"ix":6},"o":{"a":0,"k":100,"ix":7},"sk":{"a":0,"k":0,"ix":4},"sa":{"a":0,"k":0,"ix":5},"nm":"Transform"}],"nm":"Group 1","np":2,"cix":2,"bm":0,"ix":1,"mn":"ADBE Vector Group","hd":false}],"ip":0,"op":273,"st":-27,"bm":0},{"ddd":0,"ind":10,"ty":4,"nm":"C10","sr":1,"ks":{"o":{"a":0,"k":100,"ix":11},"r":{"a":0,"k":0,"ix":10},"p":{"a":0,"k":[486.4,303.2,0],"ix":2,"l":2},"a":{"a":0,"k":[398,169,0],"ix":1,"l":2},"s":{"a":1,"k":[{"i":{"x":[0.241,0.241,0.667],"y":[9.311,9.311,1]},"o":{"x":[0.479,0.479,0.333],"y":[0,0,0]},"t":15,"s":[75,75,100]},{"i":{"x":[0.833,0.833,0.833],"y":[1,1,1]},"o":{"x":[0.167,0.167,0.167],"y":[0,0,0]},"t":33,"s":[80,80,100]},{"i":{"x":[0.241,0.241,0.667],"y":[-5.926,-5.926,1]},"o":{"x":[0.479,0.479,0.333],"y":[0,0,0]},"t":48,"s":[80,80,100]},{"t":63,"s":[75,75,100]}],"ix":6,"l":2}},"ao":0,"shapes":[{"ty":"gr","it":[{"ind":0,"ty":"sh","ix":1,"ks":{"a":0,"k":{"i":[[0,0],[9.21,-10.372],[33.928,-18.607],[60.542,4.914],[7.578,1.12],[9.103,2.029],[-2.427,-0.363],[-109.689,60.156],[-15.664,22.042]],"o":[[-8.62,10.868],[-15.341,16.081],[-88.105,48.319],[-7.609,-0.887],[-9.172,-1.688],[2.177,0.477],[69.151,10.36],[50.057,-27.453],[0,0]],"v":[[208.667,-80.373],[178.986,-44.921],[104.552,8.033],[-159.344,84.535],[-184.701,81.531],[-215.252,75.779],[-208.347,77.041],[115.473,-13.124],[215.251,-89.448]],"c":true},"ix":2},"nm":"Path 1","mn":"ADBE Vector Shape - Group","hd":false},{"ty":"fl","c":{"a":0,"k":[0,0,0,1],"ix":4},"o":{"a":0,"k":100,"ix":5},"r":1,"bm":0,"nm":"Fill 1","mn":"ADBE Vector Graphic - Fill","hd":false},{"ty":"tr","p":{"a":0,"k":[663.542,868.513],"ix":2},"a":{"a":0,"k":[0,0],"ix":1},"s":{"a":0,"k":[100,100],"ix":3},"r":{"a":0,"k":0,"ix":6},"o":{"a":0,"k":100,"ix":7},"sk":{"a":0,"k":0,"ix":4},"sa":{"a":0,"k":0,"ix":5},"nm":"Transform"}],"nm":"Group 1","np":2,"cix":2,"bm":0,"ix":1,"mn":"ADBE Vector Group","hd":false}],"ip":0,"op":269,"st":-31,"bm":0}],"markers":[]}